t,x,y
0.000000,10.000000,5.000000
0.010000,9.848968,5.087312
0.020000,9.695993,5.174181
0.030000,9.541262,5.260510
0.040000,9.384962,5.346201
0.050000,9.227286,5.431154
0.060000,9.068424,5.515275
0.070000,8.908570,5.598468
0.080000,8.747916,5.680639
0.090000,8.586655,5.761697
0.100000,8.424976,5.841553
0.110000,8.263067,5.920120
0.120000,8.101115,5.997316
0.130000,7.939300,6.073059
0.140000,7.777801,6.147274
0.150000,7.616790,6.219888
0.160000,7.456436,6.290831
0.170000,7.296900,6.360040
0.180000,7.138339,6.427454
0.190000,6.980902,6.493017
0.200000,6.824732,6.556678
0.210000,6.669965,6.618390
0.220000,6.516729,6.678111
0.230000,6.365144,6.735804
0.240000,6.215324,6.791436
0.250000,6.067375,6.844979
0.260000,5.921392,6.896410
0.270000,5.777468,6.945709
0.280000,5.635682,6.992863
0.290000,5.496109,7.037861
0.300000,5.358816,7.080698
0.310000,5.223862,7.121372
0.320000,5.091299,7.159884
0.330000,4.961171,7.196242
0.340000,4.833516,7.230453
0.350000,4.708365,7.262532
0.360000,4.585744,7.292494
0.370000,4.465670,7.320359
0.380000,4.348158,7.346148
0.390000,4.233213,7.369887
0.400000,4.120839,7.391601
0.410000,4.011032,7.411321
0.420000,3.903786,7.429077
0.430000,3.799088,7.444903
0.440000,3.696923,7.458835
0.450000,3.597272,7.470907
0.460000,3.500112,7.481158
0.470000,3.405416,7.489627
0.480000,3.313157,7.496354
0.490000,3.223303,7.501379
0.500000,3.135819,7.504743
0.510000,3.050672,7.506489
0.520000,2.967822,7.506659
0.530000,2.887230,7.505296
0.540000,2.808857,7.502442
0.550000,2.732661,7.498140
0.560000,2.658597,7.492433
0.570000,2.586624,7.485364
0.580000,2.516697,7.476976
0.590000,2.448770,7.467310
0.600000,2.382800,7.456409
0.610000,2.318740,7.444313
0.620000,2.256545,7.431065
0.630000,2.196170,7.416703
0.640000,2.137570,7.401269
0.650000,2.080700,7.384801
0.660000,2.025514,7.367338
0.670000,1.971969,7.348917
0.680000,1.920020,7.329575
0.690000,1.869625,7.309350
0.700000,1.820741,7.288275
0.710000,1.773326,7.266387
0.720000,1.727337,7.243719
0.730000,1.682736,7.220304
0.740000,1.639480,7.196174
0.750000,1.597532,7.171362
0.760000,1.556853,7.145897
0.770000,1.517406,7.119809
0.780000,1.479153,7.093127
0.790000,1.442059,7.065880
0.800000,1.406089,7.038095
0.810000,1.371208,7.009798
0.820000,1.337383,6.981016
0.830000,1.304582,6.951773
0.840000,1.272773,6.922093
0.850000,1.241925,6.892000
0.860000,1.212008,6.861517
0.870000,1.182993,6.830666
0.880000,1.154852,6.799467
0.890000,1.127557,6.767942
0.900000,1.101082,6.736111
0.910000,1.075400,6.703992
0.920000,1.050487,6.671605
0.930000,1.026318,6.638966
0.940000,1.002869,6.606094
0.950000,0.980117,6.573005
0.960000,0.958041,6.539716
0.970000,0.936618,6.506241
0.980000,0.915827,6.472596
0.990000,0.895650,6.438796
1.000000,0.876065,6.404854
1.010000,0.857054,6.370783
1.020000,0.838599,6.336597
1.030000,0.820682,6.302307
1.040000,0.803285,6.267927
1.050000,0.786393,6.233467
1.060000,0.769988,6.198938
1.070000,0.754056,6.164352
1.080000,0.738582,6.129718
1.090000,0.723550,6.095046
1.100000,0.708947,6.060345
1.110000,0.694760,6.025626
1.120000,0.680975,5.990896
1.130000,0.667579,5.956163
1.140000,0.654560,5.921437
1.150000,0.641907,5.886724
1.160000,0.629607,5.852032
1.170000,0.617650,5.817368
1.180000,0.606026,5.782739
1.190000,0.594723,5.748152
1.200000,0.583731,5.713612
1.210000,0.573042,5.679126
1.220000,0.562645,5.644699
1.230000,0.552532,5.610337
1.240000,0.542694,5.576045
1.250000,0.533123,5.541828
1.260000,0.523809,5.507691
1.270000,0.514746,5.473639
1.280000,0.505926,5.439676
1.290000,0.497342,5.405806
1.300000,0.488985,5.372033
1.310000,0.480851,5.338361
1.320000,0.472931,5.304793
1.330000,0.465219,5.271334
1.340000,0.457710,5.237986
1.350000,0.450397,5.204753
1.360000,0.443274,5.171637
1.370000,0.436336,5.138641
1.380000,0.429577,5.105769
1.390000,0.422992,5.073022
1.400000,0.416577,5.040404
1.410000,0.410325,5.007915
1.420000,0.404233,4.975560
1.430000,0.398295,4.943339
1.440000,0.392508,4.911255
1.450000,0.386867,4.879309
1.460000,0.381368,4.847504
1.470000,0.376006,4.815841
1.480000,0.370779,4.784321
1.490000,0.365681,4.752946
1.500000,0.360711,4.721718
1.510000,0.355863,4.690637
1.520000,0.351135,4.659704
1.530000,0.346523,4.628922
1.540000,0.342024,4.598291
1.550000,0.337635,4.567812
1.560000,0.333353,4.537485
1.570000,0.329175,4.507313
1.580000,0.325098,4.477295
1.590000,0.321120,4.447431
1.600000,0.317238,4.417724
1.610000,0.313450,4.388173
1.620000,0.309752,4.358779
1.630000,0.306143,4.329542
1.640000,0.302619,4.300463
1.650000,0.299180,4.271542
1.660000,0.295823,4.242780
1.670000,0.292545,4.214176
1.680000,0.289345,4.185732
1.690000,0.286220,4.157446
1.700000,0.283169,4.129320
1.710000,0.280190,4.101353
1.720000,0.277281,4.073545
1.730000,0.274440,4.045897
1.740000,0.271665,4.018408
1.750000,0.268956,3.991079
1.760000,0.266310,3.963909
1.770000,0.263725,3.936899
1.780000,0.261201,3.910047
1.790000,0.258736,3.883355
1.800000,0.256328,3.856821
1.810000,0.253976,3.830445
1.820000,0.251678,3.804228
1.830000,0.249434,3.778169
1.840000,0.247242,3.752267
1.850000,0.245102,3.726523
1.860000,0.243010,3.700936
1.870000,0.240968,3.675506
1.880000,0.238973,3.650232
1.890000,0.237024,3.625114
1.900000,0.235120,3.600151
1.910000,0.233261,3.575344
1.920000,0.231445,3.550691
1.930000,0.229672,3.526192
1.940000,0.227940,3.501847
1.950000,0.226248,3.477655
1.960000,0.224596,3.453616
1.970000,0.222983,3.429729
1.980000,0.221408,3.405994
1.990000,0.219870,3.382410
2.000000,0.218368,3.358976
2.010000,0.216902,3.335692
2.020000,0.215471,3.312558
2.030000,0.214074,3.289573
2.040000,0.212710,3.266735
2.050000,0.211379,3.244046
2.060000,0.210080,3.221503
2.070000,0.208813,3.199107
2.080000,0.207576,3.176856
2.090000,0.206370,3.154751
2.100000,0.205193,3.132790
2.110000,0.204045,3.110973
2.120000,0.202926,3.089299
2.130000,0.201834,3.067768
2.140000,0.200770,3.046378
2.150000,0.199733,3.025130
2.160000,0.198723,3.004022
2.170000,0.197738,2.983054
2.180000,0.196779,2.962226
2.190000,0.195844,2.941535
2.200000,0.194935,2.920983
2.210000,0.194049,2.900567
2.220000,0.193187,2.880288
2.230000,0.192348,2.860145
2.240000,0.191532,2.840137
2.250000,0.190739,2.820263
2.260000,0.189968,2.800522
2.270000,0.189218,2.780915
2.280000,0.188490,2.761439
2.290000,0.187783,2.742095
2.300000,0.187096,2.722882
2.310000,0.186430,2.703799
2.320000,0.185784,2.684845
2.330000,0.185158,2.666020
2.340000,0.184551,2.647323
2.350000,0.183963,2.628753
2.360000,0.183394,2.610309
2.370000,0.182844,2.591992
2.380000,0.182311,2.573799
2.390000,0.181797,2.555730
2.400000,0.181301,2.537786
2.410000,0.180822,2.519964
2.420000,0.180361,2.502264
2.430000,0.179916,2.484686
2.440000,0.179489,2.467229
2.450000,0.179078,2.449892
2.460000,0.178683,2.432674
2.470000,0.178304,2.415575
2.480000,0.177942,2.398594
2.490000,0.177595,2.381730
2.500000,0.177264,2.364982
2.510000,0.176948,2.348351
2.520000,0.176647,2.331835
2.530000,0.176362,2.315433
2.540000,0.176091,2.299145
2.550000,0.175835,2.282970
2.560000,0.175593,2.266907
2.570000,0.175366,2.250956
2.580000,0.175153,2.235116
2.590000,0.174954,2.219387
2.600000,0.174769,2.203767
2.610000,0.174598,2.188256
2.620000,0.174441,2.172853
2.630000,0.174297,2.157558
2.640000,0.174166,2.142370
2.650000,0.174049,2.127288
2.660000,0.173945,2.112311
2.670000,0.173853,2.097440
2.680000,0.173775,2.082673
2.690000,0.173710,2.068009
2.700000,0.173657,2.053448
2.710000,0.173617,2.038990
2.720000,0.173589,2.024633
2.730000,0.173574,2.010378
2.740000,0.173571,1.996222
2.750000,0.173581,1.982167
2.760000,0.173602,1.968210
2.770000,0.173636,1.954352
2.780000,0.173681,1.940591
2.790000,0.173739,1.926928
2.800000,0.173808,1.913361
2.810000,0.173889,1.899890
2.820000,0.173982,1.886514
2.830000,0.174087,1.873233
2.840000,0.174203,1.860046
2.850000,0.174331,1.846952
2.860000,0.174470,1.833951
2.870000,0.174620,1.821043
2.880000,0.174782,1.808226
2.890000,0.174955,1.795499
2.900000,0.175140,1.782864
2.910000,0.175336,1.770317
2.920000,0.175543,1.757861
2.930000,0.175761,1.745492
2.940000,0.175990,1.733212
2.950000,0.176230,1.721019
2.960000,0.176482,1.708913
2.970000,0.176744,1.696893
2.980000,0.177017,1.684959
2.990000,0.177302,1.673110
3.000000,0.177597,1.661345
3.010000,0.177903,1.649665
3.020000,0.178220,1.638068
3.030000,0.178548,1.626553
3.040000,0.178887,1.615121
3.050000,0.179237,1.603771
3.060000,0.179597,1.592502
3.070000,0.179968,1.581313
3.080000,0.180351,1.570205
3.090000,0.180744,1.559176
3.100000,0.181147,1.548226
3.110000,0.181562,1.537355
3.120000,0.181987,1.526561
3.130000,0.182424,1.515845
3.140000,0.182871,1.505206
3.150000,0.183328,1.494643
3.160000,0.183797,1.484156
3.170000,0.184277,1.473745
3.180000,0.184767,1.463408
3.190000,0.185268,1.453145
3.200000,0.185780,1.442956
3.210000,0.186303,1.432841
3.220000,0.186837,1.422798
3.230000,0.187381,1.412828
3.240000,0.187937,1.402929
3.250000,0.188503,1.393102
3.260000,0.189081,1.383346
3.270000,0.189669,1.373660
3.280000,0.190269,1.364043
3.290000,0.190879,1.354497
3.300000,0.191501,1.345019
3.310000,0.192134,1.335609
3.320000,0.192778,1.326267
3.330000,0.193433,1.316993
3.340000,0.194099,1.307786
3.350000,0.194776,1.298645
3.360000,0.195465,1.289571
3.370000,0.196165,1.280562
3.380000,0.196876,1.271618
3.390000,0.197599,1.262739
3.400000,0.198333,1.253925
3.410000,0.199079,1.245174
3.420000,0.199836,1.236486
3.430000,0.200604,1.227862
3.440000,0.201385,1.219300
3.450000,0.202177,1.210800
3.460000,0.202980,1.202362
3.470000,0.203796,1.193985
3.480000,0.204623,1.185668
3.490000,0.205462,1.177413
3.500000,0.206313,1.169217
3.510000,0.207176,1.161080
3.520000,0.208051,1.153003
3.530000,0.208938,1.144985
3.540000,0.209838,1.137024
3.550000,0.210749,1.129122
3.560000,0.211673,1.121277
3.570000,0.212609,1.113489
3.580000,0.213558,1.105758
3.590000,0.214519,1.098084
3.600000,0.215493,1.090465
3.610000,0.216479,1.082901
3.620000,0.217478,1.075393
3.630000,0.218490,1.067940
3.640000,0.219514,1.060541
3.650000,0.220552,1.053196
3.660000,0.221603,1.045904
3.670000,0.222666,1.038666
3.680000,0.223743,1.031480
3.690000,0.224833,1.024347
3.700000,0.225937,1.017267
3.710000,0.227054,1.010237
3.720000,0.228184,1.003260
3.730000,0.229328,0.996333
3.740000,0.230486,0.989457
3.750000,0.231657,0.982631
3.760000,0.232843,0.975856
3.770000,0.234042,0.969130
3.780000,0.235255,0.962453
3.790000,0.236483,0.955825
3.800000,0.237725,0.949245
3.810000,0.238981,0.942714
3.820000,0.240251,0.936231
3.830000,0.241537,0.929795
3.840000,0.242836,0.923407
3.850000,0.244151,0.917065
3.860000,0.245480,0.910770
3.870000,0.246825,0.904522
3.880000,0.248184,0.898319
3.890000,0.249559,0.892161
3.900000,0.250949,0.886049
3.910000,0.252355,0.879982
3.920000,0.253776,0.873960
3.930000,0.255212,0.867982
3.940000,0.256665,0.862048
3.950000,0.258133,0.856157
3.960000,0.259617,0.850310
3.970000,0.261118,0.844506
3.980000,0.262635,0.838745
3.990000,0.264168,0.833026
4.000000,0.265717,0.827350
4.010000,0.267284,0.821715
4.020000,0.268867,0.816122
4.030000,0.270467,0.810570
4.040000,0.272084,0.805060
4.050000,0.273718,0.799590
4.060000,0.275370,0.794160
4.070000,0.277039,0.788771
4.080000,0.278725,0.783421
4.090000,0.280430,0.778111
4.100000,0.282152,0.772840
4.110000,0.283892,0.767609
4.120000,0.285651,0.762416
4.130000,0.287427,0.757261
4.140000,0.289223,0.752145
4.150000,0.291037,0.747067
4.160000,0.292869,0.742026
4.170000,0.294721,0.737023
4.180000,0.296591,0.732057
4.190000,0.298481,0.727127
4.200000,0.300391,0.722235
4.210000,0.302320,0.717379
4.220000,0.304268,0.712558
4.230000,0.306237,0.707774
4.240000,0.308226,0.703025
4.250000,0.310235,0.698312
4.260000,0.312264,0.693634
4.270000,0.314314,0.688991
4.280000,0.316385,0.684382
4.290000,0.318477,0.679807
4.300000,0.320589,0.675267
4.310000,0.322724,0.670761
4.320000,0.324879,0.666288
4.330000,0.327057,0.661849
4.340000,0.329256,0.657442
4.350000,0.331477,0.653069
4.360000,0.333721,0.648729
4.370000,0.335987,0.644421
4.380000,0.338275,0.640145
4.390000,0.340587,0.635901
4.400000,0.342921,0.631689
4.410000,0.345279,0.627509
4.420000,0.347660,0.623360
4.430000,0.350065,0.619242
4.440000,0.352494,0.615155
4.450000,0.354947,0.611099
4.460000,0.357424,0.607073
4.470000,0.359926,0.603078
4.480000,0.362452,0.599112
4.490000,0.365003,0.595177
4.500000,0.367580,0.591271
4.510000,0.370181,0.587394
4.520000,0.372809,0.583547
4.530000,0.375462,0.579729
4.540000,0.378142,0.575939
4.550000,0.380847,0.572178
4.560000,0.383579,0.568446
4.570000,0.386338,0.564742
4.580000,0.389124,0.561066
4.590000,0.391938,0.557417
4.600000,0.394779,0.553797
4.610000,0.397647,0.550204
4.620000,0.400544,0.546638
4.630000,0.403469,0.543099
4.640000,0.406422,0.539587
4.650000,0.409404,0.536101
4.660000,0.412415,0.532642
4.670000,0.415456,0.529210
4.680000,0.418526,0.525804
4.690000,0.421626,0.522423
4.700000,0.424756,0.519068
4.710000,0.427916,0.515739
4.720000,0.431107,0.512436
4.730000,0.434329,0.509157
4.740000,0.437583,0.505904
4.750000,0.440867,0.502676
4.760000,0.444184,0.499472
4.770000,0.447533,0.496293
4.780000,0.450914,0.493138
4.790000,0.454327,0.490008
4.800000,0.457774,0.486901
4.810000,0.461254,0.483818
4.820000,0.464768,0.480759
4.830000,0.468315,0.477724
4.840000,0.471897,0.474712
4.850000,0.475513,0.471723
4.860000,0.479164,0.468758
4.870000,0.482850,0.465815
4.880000,0.486572,0.462895
4.890000,0.490329,0.459998
4.900000,0.494123,0.457123
4.910000,0.497953,0.454270
4.920000,0.501820,0.451440
4.930000,0.505724,0.448631
4.940000,0.509666,0.445845
4.950000,0.513645,0.443080
4.960000,0.517663,0.440336
4.970000,0.521719,0.437614
4.980000,0.525814,0.434914
4.990000,0.529949,0.432234
5.000000,0.534123,0.429575
5.010000,0.538337,0.426938
5.020000,0.542591,0.424321
5.030000,0.546887,0.421724
5.040000,0.551223,0.419148
5.050000,0.555601,0.416592
5.060000,0.560021,0.414056
5.070000,0.564483,0.411540
5.080000,0.568987,0.409045
5.090000,0.573535,0.406568
5.100000,0.578126,0.404112
5.110000,0.582761,0.401675
5.120000,0.587441,0.399257
5.130000,0.592165,0.396859
5.140000,0.596934,0.394479
5.150000,0.601749,0.392119
5.160000,0.606610,0.389777
5.170000,0.611517,0.387454
5.180000,0.616471,0.385150
5.190000,0.621472,0.382864
5.200000,0.626521,0.380597
5.210000,0.631618,0.378347
5.220000,0.636764,0.376116
5.230000,0.641959,0.373903
5.240000,0.647203,0.371708
5.250000,0.652497,0.369530
5.260000,0.657842,0.367370
5.270000,0.663237,0.365228
5.280000,0.668684,0.363103
5.290000,0.674183,0.360996
5.300000,0.679734,0.358905
5.310000,0.685339,0.356832
5.320000,0.690996,0.354775
5.330000,0.696707,0.352736
5.340000,0.702473,0.350713
5.350000,0.708293,0.348707
5.360000,0.714169,0.346717
5.370000,0.720100,0.344744
5.380000,0.726089,0.342787
5.390000,0.732133,0.340847
5.400000,0.738236,0.338922
5.410000,0.744396,0.337014
5.420000,0.750615,0.335121
5.430000,0.756893,0.333245
5.440000,0.763231,0.331384
5.450000,0.769629,0.329539
5.460000,0.776088,0.327709
5.470000,0.782608,0.325895
5.480000,0.789189,0.324096
5.490000,0.795834,0.322312
5.500000,0.802541,0.320544
5.510000,0.809312,0.318790
5.520000,0.816148,0.317052
5.530000,0.823048,0.315328
5.540000,0.830014,0.313619
5.550000,0.837045,0.311925
5.560000,0.844144,0.310246
5.570000,0.851309,0.308581
5.580000,0.858543,0.306931
5.590000,0.865845,0.305295
5.600000,0.873217,0.303673
5.610000,0.880658,0.302065
5.620000,0.888170,0.300472
5.630000,0.895753,0.298893
5.640000,0.903408,0.297327
5.650000,0.911135,0.295776
5.660000,0.918936,0.294238
5.670000,0.926811,0.292714
5.680000,0.934760,0.291204
5.690000,0.942784,0.289707
5.700000,0.950884,0.288224
5.710000,0.959061,0.286754
5.720000,0.967316,0.285298
5.730000,0.975648,0.283854
5.740000,0.984059,0.282424
5.750000,0.992550,0.281008
5.760000,1.001121,0.279604
5.770000,1.009774,0.278213
5.780000,1.018508,0.276835
5.790000,1.027325,0.275470
5.800000,1.036225,0.274118
5.810000,1.045209,0.272779
5.820000,1.054278,0.271452
5.830000,1.063433,0.270138
5.840000,1.072674,0.268836
5.850000,1.082003,0.267547
5.860000,1.091420,0.266271
5.870000,1.100925,0.265006
5.880000,1.110521,0.263754
5.890000,1.120207,0.262514
5.900000,1.129985,0.261287
5.910000,1.139854,0.260071
5.920000,1.149817,0.258868
5.930000,1.159875,0.257677
5.940000,1.170027,0.256497
5.950000,1.180274,0.255330
5.960000,1.190619,0.254174
5.970000,1.201061,0.253030
5.980000,1.211601,0.251898
5.990000,1.222241,0.250778
6.000000,1.232981,0.249669
6.010000,1.243823,0.248572
6.020000,1.254766,0.247486
6.030000,1.265813,0.246412
6.040000,1.276964,0.245350
6.050000,1.288219,0.244298
6.060000,1.299581,0.243259
6.070000,1.311050,0.242230
6.080000,1.322627,0.241213
6.090000,1.334313,0.240207
6.100000,1.346108,0.239212
6.110000,1.358015,0.238229
6.120000,1.370034,0.237257
6.130000,1.382166,0.236295
6.140000,1.394411,0.235345
6.150000,1.406772,0.234406
6.160000,1.419250,0.233478
6.170000,1.431844,0.232561
6.180000,1.444557,0.231654
6.190000,1.457389,0.230759
6.200000,1.470342,0.229874
6.210000,1.483417,0.229001
6.220000,1.496614,0.228138
6.230000,1.509935,0.227286
6.240000,1.523381,0.226445
6.250000,1.536953,0.225614
6.260000,1.550653,0.224794
6.270000,1.564481,0.223985
6.280000,1.578439,0.223187
6.290000,1.592527,0.222399
6.300000,1.606748,0.221621
6.310000,1.621102,0.220855
6.320000,1.635590,0.220099
6.330000,1.650214,0.219353
6.340000,1.664975,0.218618
6.350000,1.679874,0.217894
6.360000,1.694912,0.217180
6.370000,1.710092,0.216477
6.380000,1.725413,0.215784
6.390000,1.740877,0.215102
6.400000,1.756486,0.214430
6.410000,1.772241,0.213768
6.420000,1.788143,0.213117
6.430000,1.804193,0.212477
6.440000,1.820394,0.211847
6.450000,1.836745,0.211227
6.460000,1.853249,0.210618
6.470000,1.869907,0.210020
6.480000,1.886721,0.209432
6.490000,1.903691,0.208854
6.500000,1.920819,0.208287
6.510000,1.938107,0.207730
6.520000,1.955556,0.207184
6.530000,1.973167,0.206648
6.540000,1.990942,0.206123
6.550000,2.008883,0.205608
6.560000,2.026990,0.205104
6.570000,2.045265,0.204610
6.580000,2.063711,0.204127
6.590000,2.082327,0.203655
6.600000,2.101117,0.203193
6.610000,2.120081,0.202742
6.620000,2.139221,0.202301
6.630000,2.158538,0.201871
6.640000,2.178035,0.201452
6.650000,2.197712,0.201043
6.660000,2.217571,0.200645
6.670000,2.237614,0.200258
6.680000,2.257843,0.199882
6.690000,2.278259,0.199516
6.700000,2.298863,0.199162
6.710000,2.319658,0.198818
6.720000,2.340645,0.198486
6.730000,2.361826,0.198164
6.740000,2.383202,0.197853
6.750000,2.404775,0.197554
6.760000,2.426547,0.197265
6.770000,2.448520,0.196988
6.780000,2.470695,0.196722
6.790000,2.493074,0.196467
6.800000,2.515659,0.196224
6.810000,2.538451,0.195992
6.820000,2.561453,0.195772
6.830000,2.584666,0.195563
6.840000,2.608093,0.195366
6.850000,2.631734,0.195180
6.860000,2.655591,0.195006
6.870000,2.679667,0.194844
6.880000,2.703964,0.194694
6.890000,2.728483,0.194556
6.900000,2.753226,0.194430
6.910000,2.778195,0.194316
6.920000,2.803392,0.194215
6.930000,2.828819,0.194126
6.940000,2.854478,0.194049
6.950000,2.880370,0.193984
6.960000,2.906498,0.193933
6.970000,2.932864,0.193894
6.980000,2.959469,0.193868
6.990000,2.986317,0.193854
7.000000,3.013407,0.193854
7.010000,3.040744,0.193868
7.020000,3.068328,0.193894
7.030000,3.096162,0.193934
7.040000,3.124247,0.193987
7.050000,3.152587,0.194054
7.060000,3.181182,0.194135
7.070000,3.210035,0.194230
7.080000,3.239148,0.194339
7.090000,3.268524,0.194463
7.100000,3.298164,0.194601
7.110000,3.328070,0.194753
7.120000,3.358244,0.194920
7.130000,3.388689,0.195102
7.140000,3.419407,0.195299
7.150000,3.450400,0.195512
7.160000,3.481670,0.195740
7.170000,3.513219,0.195983
7.180000,3.545050,0.196243
7.190000,3.577164,0.196518
7.200000,3.609564,0.196810
7.210000,3.642252,0.197118
7.220000,3.675230,0.197443
7.230000,3.708501,0.197785
7.240000,3.742066,0.198144
7.250000,3.775928,0.198520
7.260000,3.810090,0.198914
7.270000,3.844552,0.199326
7.280000,3.879318,0.199756
7.290000,3.914390,0.200204
7.300000,3.949770,0.200671
7.310000,3.985460,0.201157
7.320000,4.021463,0.201662
7.330000,4.057780,0.202187
7.340000,4.094415,0.202732
7.350000,4.131369,0.203297
7.360000,4.168644,0.203882
7.370000,4.206243,0.204488
7.380000,4.244168,0.205115
7.390000,4.282422,0.205764
7.400000,4.321006,0.206435
7.410000,4.359923,0.207128
7.420000,4.399175,0.207843
7.430000,4.438764,0.208582
7.440000,4.478692,0.209344
7.450000,4.518962,0.210130
7.460000,4.559576,0.210940
7.470000,4.600537,0.211775
7.480000,4.641845,0.212635
7.490000,4.683504,0.213521
7.500000,4.725516,0.214432
7.510000,4.767882,0.215371
7.520000,4.810605,0.216336
7.530000,4.853688,0.217329
7.540000,4.897131,0.218351
7.550000,4.940938,0.219401
7.560000,4.985110,0.220480
7.570000,5.029650,0.221589
7.580000,5.074559,0.222729
7.590000,5.119839,0.223900
7.600000,5.165493,0.225103
7.610000,5.211522,0.226338
7.620000,5.257928,0.227606
7.630000,5.304714,0.228907
7.640000,5.351880,0.230244
7.650000,5.399430,0.231615
7.660000,5.447364,0.233023
7.670000,5.495684,0.234467
7.680000,5.544392,0.235949
7.690000,5.593490,0.237469
7.700000,5.642980,0.239028
7.710000,5.692862,0.240628
7.720000,5.743139,0.242268
7.730000,5.793812,0.243951
7.740000,5.844882,0.245677
7.750000,5.896350,0.247446
7.760000,5.948219,0.249260
7.770000,6.000489,0.251121
7.780000,6.053160,0.253028
7.790000,6.106236,0.254984
7.800000,6.159716,0.256989
7.810000,6.213601,0.259044
7.820000,6.267892,0.261151
7.830000,6.322590,0.263312
7.840000,6.377696,0.265526
7.850000,6.433210,0.267797
7.860000,6.489132,0.270124
7.870000,6.545464,0.272510
7.880000,6.602205,0.274955
7.890000,6.659355,0.277462
7.900000,6.716914,0.280032
7.910000,6.774883,0.282667
7.920000,6.833262,0.285368
7.930000,6.892049,0.288137
7.940000,6.951244,0.290976
7.950000,7.010847,0.293886
7.960000,7.070857,0.296870
7.970000,7.131272,0.299930
7.980000,7.192093,0.303066
7.990000,7.253317,0.306283
8.000000,7.314943,0.309581
8.010000,7.376970,0.312963
8.020000,7.439395,0.316431
8.030000,7.502216,0.319987
8.040000,7.565432,0.323635
8.050000,7.629040,0.327376
8.060000,7.693036,0.331213
8.070000,7.757419,0.335149
8.080000,7.822185,0.339186
8.090000,7.887330,0.343328
8.100000,7.952851,0.347577
8.110000,8.018743,0.351936
8.120000,8.085003,0.356409
8.130000,8.151626,0.360999
8.140000,8.218607,0.365709
8.150000,8.285940,0.370543
8.160000,8.353621,0.375503
8.170000,8.421642,0.380595
8.180000,8.489999,0.385822
8.190000,8.558684,0.391187
8.200000,8.627690,0.396696
8.210000,8.697009,0.402351
8.220000,8.766635,0.408158
8.230000,8.836557,0.414121
8.240000,8.906769,0.420245
8.250000,8.977259,0.426534
8.260000,9.048019,0.432994
8.270000,9.119039,0.439630
8.280000,9.190307,0.446447
8.290000,9.261811,0.453450
8.300000,9.333541,0.460646
8.310000,9.405483,0.468040
8.320000,9.477625,0.475638
8.330000,9.549952,0.483447
8.340000,9.622450,0.491473
8.350000,9.695104,0.499723
8.360000,9.767898,0.508204
8.370000,9.840815,0.516923
8.380000,9.913839,0.525887
8.390000,9.986950,0.535105
8.400000,10.060131,0.544584
8.410000,10.133360,0.554332
8.420000,10.206619,0.564358
8.430000,10.279884,0.574670
8.440000,10.353133,0.585278
8.450000,10.426344,0.596192
8.460000,10.499491,0.607419
8.470000,10.572549,0.618972
8.480000,10.645492,0.630859
8.490000,10.718291,0.643091
8.500000,10.790919,0.655680
8.510000,10.863346,0.668637
8.520000,10.935539,0.681973
8.530000,11.007468,0.695700
8.540000,11.079098,0.709831
8.550000,11.150395,0.724378
8.560000,11.221323,0.739355
8.570000,11.291844,0.754775
8.580000,11.361919,0.770652
8.590000,11.431507,0.787001
8.600000,11.500568,0.803835
8.610000,11.569059,0.821171
8.620000,11.636933,0.839024
8.630000,11.704145,0.857410
8.640000,11.770647,0.876345
8.650000,11.836390,0.895846
8.660000,11.901322,0.915931
8.670000,11.965390,0.936617
8.680000,12.028541,0.957922
8.690000,12.090718,0.979866
8.700000,12.151863,1.002467
8.710000,12.211917,1.025745
8.720000,12.270818,1.049719
8.730000,12.328503,1.074411
8.740000,12.384907,1.099840
8.750000,12.439964,1.126027
8.760000,12.493606,1.152995
8.770000,12.545762,1.180765
8.780000,12.596361,1.209359
8.790000,12.645329,1.238800
8.800000,12.692592,1.269110
8.810000,12.738072,1.300312
8.820000,12.781692,1.332430
8.830000,12.823372,1.365487
8.840000,12.863031,1.399507
8.850000,12.900586,1.434512
8.860000,12.935954,1.470527
8.870000,12.969050,1.507575
8.880000,12.999788,1.545680
8.890000,13.028082,1.584865
8.900000,13.053843,1.625154
8.910000,13.076984,1.666568
8.920000,13.097416,1.709131
8.930000,13.115051,1.752864
8.940000,13.129799,1.797790
8.950000,13.141571,1.843927
8.960000,13.150280,1.891298
8.970000,13.155836,1.939920
8.980000,13.158155,1.989811
8.990000,13.157149,2.040989
9.000000,13.152734,2.093469
9.010000,13.144828,2.147266
9.020000,13.133350,2.202391
9.030000,13.118221,2.258857
9.040000,13.099368,2.316672
9.050000,13.076716,2.375844
9.060000,13.050197,2.436377
9.070000,13.019747,2.498275
9.080000,12.985304,2.561537
9.090000,12.946811,2.626162
9.100000,12.904219,2.692145
9.110000,12.857481,2.759477
9.120000,12.806557,2.828148
9.130000,12.751414,2.898144
9.140000,12.692023,2.969447
9.150000,12.628366,3.042036
9.160000,12.560428,3.115887
9.170000,12.488205,3.190972
9.180000,12.411699,3.267259
9.190000,12.330922,3.344712
9.200000,12.245892,3.423291
9.210000,12.156638,3.502953
9.220000,12.063197,3.583651
9.230000,11.965616,3.665332
9.240000,11.863950,3.747942
9.250000,11.758264,3.831420
9.260000,11.648633,3.915703
9.270000,11.535141,4.000724
9.280000,11.417880,4.086412
9.290000,11.296952,4.172693
9.300000,11.172470,4.259489
9.310000,11.044553,4.346718
9.320000,10.913330,4.434297
9.330000,10.778937,4.522139
9.340000,10.641519,4.610154
9.350000,10.501229,4.698251
9.360000,10.358224,4.786336
9.370000,10.212670,4.874314
9.380000,10.064738,4.962088
9.390000,9.914603,5.049561
9.400000,9.762447,5.136634
9.410000,9.608453,5.223209
9.420000,9.452809,5.309188
9.430000,9.295705,5.394472
9.440000,9.137333,5.478965
9.450000,8.977885,5.562572
9.460000,8.817554,5.645196
9.470000,8.656532,5.726747
9.480000,8.495010,5.807134
9.490000,8.333178,5.886270
9.500000,8.171222,5.964069
9.510000,8.009326,6.040451
9.520000,7.847668,6.115337
9.530000,7.686425,6.188652
9.540000,7.525766,6.260327
9.550000,7.365857,6.330295
9.560000,7.206855,6.398493
9.570000,7.048914,6.464864
9.580000,6.892178,6.529354
9.590000,6.736787,6.591916
9.600000,6.582873,6.652503
9.610000,6.430559,6.711079
9.620000,6.279962,6.767606
9.630000,6.131190,6.822057
9.640000,5.984345,6.874404
9.650000,5.839519,6.924629
9.660000,5.696797,6.972713
9.670000,5.556258,7.018645
9.680000,5.417970,7.062418
9.690000,5.281997,7.104028
9.700000,5.148393,7.143476
9.710000,5.017205,7.180765
9.720000,4.888476,7.215905
9.730000,4.762237,7.248905
9.740000,4.638518,7.279782
9.750000,4.517340,7.308552
9.760000,4.398717,7.335237
9.770000,4.282660,7.359860
9.780000,4.169173,7.382447
9.790000,4.058256,7.403026
9.800000,3.949902,7.421629
9.810000,3.844103,7.438287
9.820000,3.740844,7.453034
9.830000,3.640107,7.465906
9.840000,3.541871,7.476941
9.850000,3.446112,7.486177
9.860000,3.352802,7.493653
9.870000,3.261910,7.499409
9.880000,3.173405,7.503488
9.890000,3.087250,7.505929
9.900000,3.003410,7.506776
9.910000,2.921846,7.506071
9.920000,2.842518,7.503857
9.930000,2.765384,7.500177
9.940000,2.690402,7.495073
9.950000,2.617530,7.488589
9.960000,2.546722,7.480767
9.970000,2.477935,7.471649
9.980000,2.411123,7.461277
9.990000,2.346242,7.449694
10.000000,2.283245,7.436939
10.010000,2.222088,7.423055
10.020000,2.162725,7.408080
10.030000,2.105111,7.392055
10.040000,2.049201,7.375018
10.050000,1.994951,7.357007
10.060000,1.942317,7.338059
10.070000,1.891255,7.318212
10.080000,1.841722,7.297501
10.090000,1.793676,7.275961
10.100000,1.747074,7.253626
10.110000,1.701877,7.230531
10.120000,1.658044,7.206707
10.130000,1.615535,7.182186
10.140000,1.574311,7.156999
10.150000,1.534335,7.131177
10.160000,1.495569,7.104749
10.170000,1.457978,7.077744
10.180000,1.421525,7.050188
10.190000,1.386177,7.022110
10.200000,1.351899,6.993535
10.210000,1.318659,6.964488
10.220000,1.286424,6.934994
10.230000,1.255163,6.905078
10.240000,1.224847,6.874761
10.250000,1.195445,6.844066
10.260000,1.166930,6.813015
10.270000,1.139272,6.781629
10.280000,1.112445,6.749928
10.290000,1.086423,6.717931
10.300000,1.061180,6.685658
10.310000,1.036691,6.653126
10.320000,1.012933,6.620353
10.330000,0.989883,6.587356
10.340000,0.967517,6.554151
10.350000,0.945813,6.520755
10.360000,0.924752,6.487182
10.370000,0.904311,6.453447
10.380000,0.884472,6.419565
10.390000,0.865215,6.385548
10.400000,0.846522,6.351410
10.410000,0.828374,6.317164
10.420000,0.810754,6.282822
10.430000,0.793645,6.248395
10.440000,0.777031,6.213894
10.450000,0.760897,6.179332
10.460000,0.745226,6.144717
10.470000,0.730004,6.110060
10.480000,0.715218,6.075371
10.490000,0.700852,6.040659
10.500000,0.686894,6.005932
10.510000,0.673331,5.971200
10.520000,0.660151,5.936470
10.530000,0.647341,5.901750
10.540000,0.634889,5.867048
10.550000,0.622785,5.832371
10.560000,0.611018,5.797726
10.570000,0.599577,5.763120
10.580000,0.588452,5.728559
10.590000,0.577633,5.694049
10.600000,0.567111,5.659595
10.610000,0.556876,5.625205
10.620000,0.546920,5.590882
10.630000,0.537234,5.556632
10.640000,0.527810,5.522460
10.650000,0.518640,5.488371
10.660000,0.509715,5.454368
10.670000,0.501030,5.420457
10.680000,0.492576,5.386642
10.690000,0.484346,5.352926
10.700000,0.476334,5.319312
10.710000,0.468533,5.285806
10.720000,0.460936,5.252409
10.730000,0.453539,5.219126
10.740000,0.446334,5.185959
10.750000,0.439317,5.152911
10.760000,0.432481,5.119985
10.770000,0.425822,5.087183
10.780000,0.419334,5.054509
10.790000,0.413012,5.021964
10.800000,0.406851,4.989551
10.810000,0.400847,4.957272
10.820000,0.394996,4.925128
10.830000,0.389292,4.893122
10.840000,0.383731,4.861256
10.850000,0.378311,4.829531
10.860000,0.373026,4.797949
10.870000,0.367872,4.766511
10.880000,0.362847,4.735219
10.890000,0.357947,4.704074
10.900000,0.353167,4.673078
10.910000,0.348505,4.642230
10.920000,0.343958,4.611534
10.930000,0.339522,4.580988
10.940000,0.335194,4.550596
10.950000,0.330971,4.520356
10.960000,0.326851,4.490271
10.970000,0.322831,4.460341
10.980000,0.318907,4.430566
10.990000,0.315079,4.400947
11.000000,0.311342,4.371485
11.010000,0.307694,4.342180
11.020000,0.304134,4.313033
11.030000,0.300659,4.284044
11.040000,0.297266,4.255213
11.050000,0.293954,4.226540
11.060000,0.290721,4.198027
11.070000,0.287563,4.169672
11.080000,0.284481,4.141477
11.090000,0.281471,4.113441
11.100000,0.278531,4.085564
11.110000,0.275661,4.057847
11.120000,0.272858,4.030290
11.130000,0.270121,4.002891
11.140000,0.267447,3.975652
11.150000,0.264837,3.948573
11.160000,0.262286,3.921652
11.170000,0.259796,3.894891
11.180000,0.257363,3.868288
11.190000,0.254987,3.841844
11.200000,0.252666,3.815559
11.210000,0.250399,3.789431
11.220000,0.248185,3.763462
11.230000,0.246022,3.737649
11.240000,0.243910,3.711994
11.250000,0.241846,3.686496
11.260000,0.239831,3.661155
11.270000,0.237862,3.635969
11.280000,0.235939,3.610939
11.290000,0.234061,3.586065
11.300000,0.232226,3.561345
11.310000,0.230435,3.536780
11.320000,0.228685,3.512368
11.330000,0.226976,3.488110
11.340000,0.225307,3.464005
11.350000,0.223677,3.440052
11.360000,0.222085,3.416251
11.370000,0.220531,3.392602
11.380000,0.219014,3.369103
11.390000,0.217533,3.345754
11.400000,0.216086,3.322555
11.410000,0.214674,3.299506
11.420000,0.213296,3.276604
11.430000,0.211951,3.253851
11.440000,0.210639,3.231245
11.450000,0.209358,3.208785
11.460000,0.208108,3.186471
11.470000,0.206888,3.164303
11.480000,0.205699,3.142280
11.490000,0.204538,3.120401
11.500000,0.203407,3.098665
11.510000,0.202303,3.077072
11.520000,0.201228,3.055621
11.530000,0.200179,3.034312
11.540000,0.199157,3.013143
11.550000,0.198161,2.992115
11.560000,0.197191,2.971226
11.570000,0.196246,2.950476
11.580000,0.195325,2.929864
11.590000,0.194429,2.909389
11.600000,0.193557,2.889051
11.610000,0.192708,2.868849
11.620000,0.191883,2.848782
11.630000,0.191080,2.828850
11.640000,0.190299,2.809052
11.650000,0.189540,2.789387
11.660000,0.188803,2.769854
11.670000,0.188086,2.750454
11.680000,0.187391,2.731184
11.690000,0.186716,2.712045
11.700000,0.186061,2.693035
11.710000,0.185426,2.674154
11.720000,0.184811,2.655402
11.730000,0.184215,2.636777
11.740000,0.183638,2.618279
11.750000,0.183080,2.599906
11.760000,0.182540,2.581660
11.770000,0.182018,2.563538
11.780000,0.181514,2.545539
11.790000,0.181027,2.527664
11.800000,0.180559,2.509912
11.810000,0.180107,2.492281
11.820000,0.179672,2.474772
11.830000,0.179254,2.457383
11.840000,0.178852,2.440113
11.850000,0.178466,2.422963
11.860000,0.178097,2.405931
11.870000,0.177743,2.389016
11.880000,0.177405,2.372219
11.890000,0.177083,2.355537
11.900000,0.176776,2.338971
11.910000,0.176484,2.322520
11.920000,0.176207,2.306182
11.930000,0.175944,2.289958
11.940000,0.175696,2.273847
11.950000,0.175463,2.257848
11.960000,0.175244,2.241960
11.970000,0.175039,2.226183
11.980000,0.174848,2.210515
11.990000,0.174671,2.194957
12.000000,0.174507,2.179508
12.010000,0.174357,2.164166
12.020000,0.174221,2.148932
12.030000,0.174098,2.133804
12.040000,0.173988,2.118782
12.050000,0.173891,2.103865
12.060000,0.173807,2.089053
12.070000,0.173736,2.074345
12.080000,0.173678,2.059740
12.090000,0.173633,2.045237
12.100000,0.173600,2.030836
12.110000,0.173579,2.016537
12.120000,0.173571,2.002338
12.130000,0.173575,1.988239
12.140000,0.173591,1.974240
12.150000,0.173620,1.960339
12.160000,0.173660,1.946536
12.170000,0.173712,1.932831
12.180000,0.173777,1.919223
12.190000,0.173853,1.905710
12.200000,0.173941,1.892293
12.210000,0.174040,1.878971
12.220000,0.174151,1.865744
12.230000,0.174274,1.852610
12.240000,0.174408,1.839569
12.250000,0.174554,1.826620
12.260000,0.174711,1.813763
12.270000,0.174879,1.800998
12.280000,0.175059,1.788323
12.290000,0.175250,1.775738
12.300000,0.175452,1.763243
12.310000,0.175665,1.750836
12.320000,0.175889,1.738518
12.330000,0.176125,1.726287
12.340000,0.176371,1.714143
12.350000,0.176629,1.702086
12.360000,0.176898,1.690115
12.370000,0.177177,1.678229
12.380000,0.177468,1.666428
12.390000,0.177769,1.654711
12.400000,0.178082,1.643078
12.410000,0.178405,1.631528
12.420000,0.178739,1.620060
12.430000,0.179084,1.608675
12.440000,0.179440,1.597371
12.450000,0.179806,1.586147
12.460000,0.180184,1.575004
12.470000,0.180572,1.563941
12.480000,0.180971,1.552957
12.490000,0.181381,1.542052
12.500000,0.181802,1.531224
12.510000,0.182233,1.520475
12.520000,0.182676,1.509802
12.530000,0.183129,1.499207
12.540000,0.183593,1.488687
12.550000,0.184068,1.478243
12.560000,0.184553,1.467874
12.570000,0.185050,1.457579
12.580000,0.185557,1.447358
12.590000,0.186075,1.437211
12.600000,0.186604,1.427137
12.610000,0.187144,1.417136
12.620000,0.187695,1.407206
12.630000,0.188257,1.397348
12.640000,0.188830,1.387561
12.650000,0.189413,1.377844
12.660000,0.190008,1.368198
12.670000,0.190614,1.358621
12.680000,0.191231,1.349113
12.690000,0.191858,1.339674
12.700000,0.192497,1.330303
12.710000,0.193148,1.321000
12.720000,0.193809,1.311764
12.730000,0.194481,1.302595
12.740000,0.195165,1.293491
12.750000,0.195860,1.284454
12.760000,0.196567,1.275482
12.770000,0.197285,1.266575
12.780000,0.198014,1.257733
12.790000,0.198754,1.248955
12.800000,0.199506,1.240240
12.810000,0.200270,1.231588
12.820000,0.201045,1.222999
12.830000,0.201832,1.214472
12.840000,0.202631,1.206007
12.850000,0.203441,1.197604
12.860000,0.204263,1.189261
12.870000,0.205097,1.180979
12.880000,0.205943,1.172758
12.890000,0.206801,1.164596
12.900000,0.207671,1.156493
12.910000,0.208553,1.148449
12.920000,0.209447,1.140463
12.930000,0.210353,1.132536
12.940000,0.211271,1.124666
12.950000,0.212202,1.116854
12.960000,0.213146,1.109098
12.970000,0.214101,1.101399
12.980000,0.215069,1.093756
12.990000,0.216050,1.086169
13.000000,0.217044,1.078637
13.010000,0.218050,1.071160
13.020000,0.219069,1.063737
13.030000,0.220101,1.056369
13.040000,0.221146,1.049054
13.050000,0.222204,1.041793
13.060000,0.223275,1.034585
13.070000,0.224360,1.027429
13.080000,0.225457,1.020326
13.090000,0.226569,1.013274
13.100000,0.227693,1.006274
13.110000,0.228831,0.999326
13.120000,0.229983,0.992428
13.130000,0.231148,0.985580
13.140000,0.232328,0.978783
13.150000,0.233521,0.972035
13.160000,0.234728,0.965337
13.170000,0.235950,0.958688
13.180000,0.237185,0.952088
13.190000,0.238435,0.945536
13.200000,0.239700,0.939032
13.210000,0.240978,0.932576
13.220000,0.242272,0.926167
13.230000,0.243580,0.919805
13.240000,0.244903,0.913490
13.250000,0.246241,0.907221
13.260000,0.247594,0.900998
13.270000,0.248962,0.894821
13.280000,0.250345,0.888690
13.290000,0.251744,0.882603
13.300000,0.253159,0.876562
13.310000,0.254588,0.870564
13.320000,0.256034,0.864611
13.330000,0.257495,0.858702
13.340000,0.258973,0.852836
13.350000,0.260466,0.847014
13.360000,0.261976,0.841234
13.370000,0.263502,0.835497
13.380000,0.265045,0.829802
13.390000,0.266604,0.824150
13.400000,0.268179,0.818539
13.410000,0.269772,0.812969
13.420000,0.271382,0.807440
13.430000,0.273009,0.801953
13.440000,0.274653,0.796506
13.450000,0.276314,0.791099
13.460000,0.277993,0.785732
13.470000,0.279690,0.780405
13.480000,0.281404,0.775117
13.490000,0.283137,0.769869
13.500000,0.284887,0.764659
13.510000,0.286656,0.759488
13.520000,0.288443,0.754355
13.530000,0.290249,0.749261
13.540000,0.292073,0.744204
13.550000,0.293917,0.739184
13.560000,0.295779,0.734202
13.570000,0.297661,0.729257
13.580000,0.299562,0.724348
13.590000,0.301482,0.719477
13.600000,0.303422,0.714641
13.610000,0.305382,0.709841
13.620000,0.307362,0.705077
13.630000,0.309363,0.700348
13.640000,0.311383,0.695655
13.650000,0.313424,0.690997
13.660000,0.315486,0.686373
13.670000,0.317568,0.681784
13.680000,0.319672,0.677229
13.690000,0.321797,0.672707
13.700000,0.323943,0.668220
13.710000,0.326111,0.663766
13.720000,0.328301,0.659346
13.730000,0.330513,0.654958
13.740000,0.332747,0.650604
13.750000,0.335003,0.646282
13.760000,0.337282,0.641992
13.770000,0.339583,0.637734
13.780000,0.341908,0.633509
13.790000,0.344256,0.629315
13.800000,0.346627,0.625152
13.810000,0.349021,0.621021
13.820000,0.351440,0.616921
13.830000,0.353882,0.612851
13.840000,0.356349,0.608812
13.850000,0.358839,0.604804
13.860000,0.361355,0.600825
13.870000,0.363896,0.596877
13.880000,0.366461,0.592958
13.890000,0.369052,0.589069
13.900000,0.371668,0.585209
13.910000,0.374310,0.581378
13.920000,0.376978,0.577576
13.930000,0.379673,0.573803
13.940000,0.382393,0.570058
13.950000,0.385141,0.566342
13.960000,0.387915,0.562654
13.970000,0.390716,0.558993
13.980000,0.393545,0.555361
13.990000,0.396402,0.551756
14.000000,0.399286,0.548178
14.010000,0.402199,0.544627
14.020000,0.405140,0.541104
14.030000,0.408110,0.537607
14.040000,0.411108,0.534137
14.050000,0.414136,0.530693
14.060000,0.417193,0.527275
14.070000,0.420280,0.523883
14.080000,0.423397,0.520518
14.090000,0.426544,0.517178
14.100000,0.429722,0.513863
14.110000,0.432931,0.510574
14.120000,0.436170,0.507309
14.130000,0.439441,0.504070
14.140000,0.442744,0.500856
14.150000,0.446079,0.497666
14.160000,0.449446,0.494501
14.170000,0.452845,0.491360
14.180000,0.456278,0.488243
14.190000,0.459743,0.485150
14.200000,0.463242,0.482081
14.210000,0.466775,0.479035
14.220000,0.470342,0.476013
14.230000,0.473943,0.473015
14.240000,0.477579,0.470039
14.250000,0.481250,0.467086
14.260000,0.484956,0.464157
14.270000,0.488698,0.461249
14.280000,0.492476,0.458365
14.290000,0.496291,0.455503
14.300000,0.500141,0.452662
14.310000,0.504030,0.449845
14.320000,0.507955,0.447048
14.330000,0.511918,0.444274
14.340000,0.515919,0.441521
14.350000,0.519959,0.438790
14.360000,0.524037,0.436080
14.370000,0.528154,0.433392
14.380000,0.532311,0.430724
14.390000,0.536508,0.428077
14.400000,0.540745,0.425451
14.410000,0.545022,0.422846
14.420000,0.549341,0.420261
14.430000,0.553700,0.417696
14.440000,0.558102,0.415151
14.450000,0.562546,0.412627
14.460000,0.567032,0.410123
14.470000,0.571561,0.407638
14.480000,0.576133,0.405173
14.490000,0.580749,0.402728
14.500000,0.585409,0.400301
14.510000,0.590114,0.397895
14.520000,0.594864,0.395507
14.530000,0.599659,0.393138
14.540000,0.604500,0.390789
14.550000,0.609387,0.388458
14.560000,0.614320,0.386145
14.570000,0.619301,0.383852
14.580000,0.624329,0.381576
14.590000,0.629406,0.379319
14.600000,0.634530,0.377080
14.610000,0.639704,0.374859
14.620000,0.644926,0.372656
14.630000,0.650199,0.370471
14.640000,0.655522,0.368303
14.650000,0.660895,0.366153
14.660000,0.666320,0.364021
14.670000,0.671796,0.361906
14.680000,0.677325,0.359808
14.690000,0.682906,0.357727
14.700000,0.688540,0.355664
14.710000,0.694228,0.353617
14.720000,0.699970,0.351587
14.730000,0.705766,0.349573
14.740000,0.711618,0.347577
14.750000,0.717526,0.345596
14.760000,0.723489,0.343633
14.770000,0.729509,0.341685
14.780000,0.735587,0.339754
14.790000,0.741722,0.337838
14.800000,0.747916,0.335939
14.810000,0.754168,0.334055
14.820000,0.760480,0.332188
14.830000,0.766852,0.330336
14.840000,0.773284,0.328499
14.850000,0.779777,0.326678
14.860000,0.786332,0.324873
14.870000,0.792950,0.323082
14.880000,0.799630,0.321307
14.890000,0.806373,0.319547
14.900000,0.813181,0.317802
14.910000,0.820053,0.316072
14.920000,0.826990,0.314357
14.930000,0.833993,0.312657
14.940000,0.841062,0.310971
14.950000,0.848199,0.309300
14.960000,0.855403,0.307643
14.970000,0.862676,0.306001
14.980000,0.870017,0.304373
14.990000,0.877428,0.302760
15.000000,0.884909,0.301160
15.010000,0.892461,0.299575
15.020000,0.900085,0.298003
15.030000,0.907781,0.296446
15.040000,0.915550,0.294902
15.050000,0.923392,0.293372
15.060000,0.931309,0.291856
15.070000,0.939301,0.290353
15.080000,0.947368,0.288864
15.090000,0.955512,0.287389
15.100000,0.963732,0.285926
15.110000,0.972031,0.284478
15.120000,0.980408,0.283042
15.130000,0.988864,0.281619
15.140000,0.997401,0.280210
15.150000,1.006018,0.278814
15.160000,1.014716,0.277430
15.170000,1.023497,0.276060
15.180000,1.032361,0.274702
15.190000,1.041309,0.273357
15.200000,1.050341,0.272025
15.210000,1.059459,0.270705
15.220000,1.068663,0.269398
15.230000,1.077953,0.268104
15.240000,1.087332,0.266822
15.250000,1.096799,0.265552
15.260000,1.106356,0.264295
15.270000,1.116002,0.263050
15.280000,1.125740,0.261817
15.290000,1.135570,0.260596
15.300000,1.145493,0.259387
15.310000,1.155509,0.258191
15.320000,1.165620,0.257006
15.330000,1.175826,0.255834
15.340000,1.186128,0.254673
15.350000,1.196528,0.253524
15.360000,1.207026,0.252387
15.370000,1.217623,0.251261
15.380000,1.228319,0.250147
15.390000,1.239117,0.249045
15.400000,1.250016,0.247955
15.410000,1.261018,0.246876
15.420000,1.272123,0.245808
15.430000,1.283334,0.244752
15.440000,1.294649,0.243707
15.450000,1.306072,0.242674
15.460000,1.317602,0.241652
15.470000,1.329240,0.240641
15.480000,1.340988,0.239642
15.490000,1.352847,0.238653
15.500000,1.364817,0.237676
15.510000,1.376899,0.236710
15.520000,1.389096,0.235755
15.530000,1.401407,0.234811
15.540000,1.413834,0.233878
15.550000,1.426377,0.232956
15.560000,1.439039,0.232045
15.570000,1.451819,0.231145
15.580000,1.464720,0.230256
15.590000,1.477741,0.229378
15.600000,1.490885,0.228510
15.610000,1.504153,0.227653
15.620000,1.517544,0.226808
15.630000,1.531062,0.225972
15.640000,1.544706,0.225148
15.650000,1.558479,0.224334
15.660000,1.572380,0.223531
15.670000,1.586412,0.222738
15.680000,1.600575,0.221957
15.690000,1.614871,0.221185
15.700000,1.629301,0.220425
15.710000,1.643866,0.219675
15.720000,1.658568,0.218935
15.730000,1.673407,0.218206
15.740000,1.688385,0.217488
15.750000,1.703503,0.216780
15.760000,1.718762,0.216083
15.770000,1.734165,0.215396
15.780000,1.749711,0.214719
15.790000,1.765402,0.214053
15.800000,1.781240,0.213398
15.810000,1.797226,0.212753
15.820000,1.813362,0.212118
15.830000,1.829648,0.211494
15.840000,1.846085,0.210881
15.850000,1.862677,0.210278
15.860000,1.879423,0.209685
15.870000,1.896325,0.209103
15.880000,1.913384,0.208531
15.890000,1.930603,0.207970
15.900000,1.947982,0.207419
15.910000,1.965523,0.206879
15.920000,1.983227,0.206349
15.930000,2.001095,0.205830
15.940000,2.019130,0.205321
15.950000,2.037333,0.204823
15.960000,2.055704,0.204335
15.970000,2.074247,0.203858
15.980000,2.092961,0.203392
15.990000,2.111849,0.202936
16.000000,2.130913,0.202490
16.010000,2.150153,0.202056
16.020000,2.169572,0.201632
16.030000,2.189171,0.201219
16.040000,2.208951,0.200816
16.050000,2.228914,0.200424
16.060000,2.249063,0.200043
16.070000,2.269397,0.199673
16.080000,2.289920,0.199314
16.090000,2.310632,0.198966
16.100000,2.331536,0.198628
16.110000,2.352632,0.198302
16.120000,2.373923,0.197986
16.130000,2.395411,0.197682
16.140000,2.417097,0.197389
16.150000,2.438983,0.197107
16.160000,2.461070,0.196836
16.170000,2.483360,0.196576
16.180000,2.505856,0.196328
16.190000,2.528558,0.196091
16.200000,2.551469,0.195866
16.210000,2.574591,0.195652
16.220000,2.597924,0.195450
16.230000,2.621472,0.195259
16.240000,2.645236,0.195080
16.250000,2.669217,0.194913
16.260000,2.693418,0.194758
16.270000,2.717841,0.194615
16.280000,2.742486,0.194483
16.290000,2.767357,0.194364
16.300000,2.792455,0.194257
16.310000,2.817782,0.194163
16.320000,2.843341,0.194080
16.330000,2.869132,0.194011
16.340000,2.895157,0.193954
16.350000,2.921420,0.193909
16.360000,2.947922,0.193877
16.370000,2.974664,0.193859
16.380000,3.001649,0.193853
16.390000,3.028879,0.193860
16.400000,3.056355,0.193881
16.410000,3.084081,0.193915
16.420000,3.112057,0.193962
16.430000,3.140286,0.194024
16.440000,3.168771,0.194099
16.450000,3.197512,0.194187
16.460000,3.226512,0.194290
16.470000,3.255774,0.194408
16.480000,3.285299,0.194539
16.490000,3.315090,0.194685
16.500000,3.345148,0.194846
16.510000,3.375475,0.195021
16.520000,3.406075,0.195212
16.530000,3.436949,0.195418
16.540000,3.468098,0.195639
16.550000,3.499526,0.195876
16.560000,3.531235,0.196128
16.570000,3.563226,0.196397
16.580000,3.595502,0.196681
16.590000,3.628065,0.196983
16.600000,3.660917,0.197300
16.610000,3.694061,0.197635
16.620000,3.727499,0.197986
16.630000,3.761232,0.198355
16.640000,3.795263,0.198741
16.650000,3.829595,0.199145
16.660000,3.864230,0.199567
16.670000,3.899169,0.200008
16.680000,3.934415,0.200467
16.690000,3.969971,0.200944
16.700000,4.005838,0.201441
16.710000,4.042019,0.201957
16.720000,4.078516,0.202494
16.730000,4.115331,0.203050
16.740000,4.152467,0.203626
16.750000,4.189926,0.204223
16.760000,4.227709,0.204841
16.770000,4.265821,0.205481
16.780000,4.304261,0.206142
16.790000,4.343034,0.206825
16.800000,4.382140,0.207531
16.810000,4.421583,0.208259
16.820000,4.461364,0.209011
16.830000,4.501486,0.209787
16.840000,4.541951,0.210586
16.850000,4.582761,0.211410
16.860000,4.623919,0.212259
16.870000,4.665426,0.213134
16.880000,4.707284,0.214034
16.890000,4.749497,0.214961
16.900000,4.792065,0.215915
16.910000,4.834992,0.216896
16.920000,4.878279,0.217905
16.930000,4.921928,0.218943
16.940000,4.965942,0.220009
16.950000,5.010322,0.221106
16.960000,5.055071,0.222232
16.970000,5.100190,0.223389
16.980000,5.145682,0.224578
16.990000,5.191549,0.225799
17.000000,5.237791,0.227052
17.010000,5.284413,0.228340
17.020000,5.331414,0.229661
17.030000,5.378797,0.231017
17.040000,5.426564,0.232409
17.050000,5.474717,0.233837
17.060000,5.523257,0.235302
17.070000,5.572187,0.236806
17.080000,5.621506,0.238348
17.090000,5.671219,0.239930
17.100000,5.721324,0.241553
17.110000,5.771825,0.243217
17.120000,5.822723,0.244924
17.130000,5.874019,0.246675
17.140000,5.925714,0.248469
17.150000,5.977810,0.250310
17.160000,6.030308,0.252197
17.170000,6.083208,0.254131
17.180000,6.136513,0.256115
17.190000,6.190223,0.258148
17.200000,6.244338,0.260233
17.210000,6.298860,0.262370
17.220000,6.353789,0.264561
17.230000,6.409126,0.266807
17.240000,6.464872,0.269109
17.250000,6.521026,0.271469
17.260000,6.577590,0.273889
17.270000,6.634563,0.276369
17.280000,6.691945,0.278912
17.290000,6.749737,0.281518
17.300000,6.807938,0.284191
17.310000,6.866548,0.286930
17.320000,6.925567,0.289738
17.330000,6.984993,0.292617
17.340000,7.044827,0.295569
17.350000,7.105067,0.298596
17.360000,7.165712,0.301699
17.370000,7.226762,0.304880
17.380000,7.288214,0.308143
17.390000,7.350068,0.311488
17.400000,7.412320,0.314918
17.410000,7.474970,0.318436
17.420000,7.538016,0.322044
17.430000,7.601454,0.325744
17.440000,7.665283,0.329540
17.450000,7.729499,0.333432
17.460000,7.794099,0.337425
17.470000,7.859080,0.341522
17.480000,7.924439,0.345724
17.490000,7.990171,0.350035
17.500000,8.056273,0.354458
17.510000,8.122739,0.358997
17.520000,8.189565,0.363655
17.530000,8.256747,0.368435
17.540000,8.324278,0.373340
17.550000,8.392152,0.378375
17.560000,8.460365,0.383542
17.570000,8.528908,0.388847
17.580000,8.597776,0.394293
17.590000,8.666961,0.399885
17.600000,8.736455,0.405625
17.610000,8.806250,0.411520
17.620000,8.876337,0.417574
17.630000,8.946708,0.423791
17.640000,9.017353,0.430176
17.650000,9.088261,0.436735
17.660000,9.159423,0.443473
17.670000,9.230827,0.450395
17.680000,9.302460,0.457507
17.690000,9.374312,0.464814
17.700000,9.446369,0.472323
17.710000,9.518618,0.480040
17.720000,9.591043,0.487971
17.730000,9.663632,0.496123
17.740000,9.736367,0.504503
17.750000,9.809233,0.513118
17.760000,9.882213,0.521976
17.770000,9.955289,0.531083
17.780000,10.028442,0.540447
17.790000,10.101653,0.550078
17.800000,10.174901,0.559982
17.810000,10.248166,0.570170
17.820000,10.321425,0.580649
17.830000,10.394655,0.591429
17.840000,10.467833,0.602519
17.850000,10.540933,0.613930
17.860000,10.613929,0.625671
17.870000,10.686794,0.637752
17.880000,10.759500,0.650186
17.890000,10.832017,0.662982
17.900000,10.904315,0.676152
17.910000,10.976363,0.689708
17.920000,11.048126,0.703663
17.930000,11.119572,0.718028
17.940000,11.190664,0.732818
17.950000,11.261366,0.748044
17.960000,11.331638,0.763722
17.970000,11.401443,0.779864
17.980000,11.470738,0.796487
17.990000,11.539480,0.813604
18.000000,11.607627,0.831231
18.010000,11.675131,0.849383
18.020000,11.741947,0.868079
18.030000,11.808024,0.887333
18.040000,11.873314,0.907163
18.050000,11.937763,0.927586
18.060000,12.001318,0.948621
18.070000,12.063923,0.970287
18.080000,12.125522,0.992601
18.090000,12.186056,1.015583
18.100000,12.245463,1.039253
18.110000,12.303682,1.063632
18.120000,12.360649,1.088739
18.130000,12.416298,1.114595
18.140000,12.470561,1.141223
18.150000,12.523369,1.168643
18.160000,12.574651,1.196877
18.170000,12.624334,1.225949
18.180000,12.672345,1.255880
18.190000,12.718606,1.286693
18.200000,12.763041,1.318412
18.210000,12.805571,1.351059
18.220000,12.846115,1.384659
18.230000,12.884591,1.419235
18.240000,12.920916,1.454810
18.250000,12.955006,1.491408
18.260000,12.986776,1.529052
18.270000,13.016138,1.567767
18.280000,13.043007,1.607575
18.290000,13.067293,1.648499
18.300000,13.088909,1.690562
18.310000,13.107765,1.733786
18.320000,13.123774,1.778193
18.330000,13.136845,1.823803
18.340000,13.146891,1.870637
18.350000,13.153823,1.918715
18.360000,13.157554,1.968055
18.370000,13.157998,2.018674
18.380000,13.155069,2.070588
18.390000,13.148684,2.123813
18.400000,13.138762,2.178362
18.410000,13.125224,2.234246
18.420000,13.107992,2.291476
18.430000,13.086993,2.350060
18.440000,13.062157,2.410003
18.450000,13.033416,2.471310
18.460000,13.000709,2.533982
18.470000,12.963976,2.598017
18.480000,12.923165,2.663413
18.490000,12.878227,2.730162
18.500000,12.829120,2.798255
18.510000,12.775807,2.867679
18.520000,12.718258,2.938418
18.530000,12.656450,3.010454
18.540000,12.590366,3.083762
18.550000,12.519999,3.158316
18.560000,12.445346,3.234087
18.570000,12.366416,3.311040
18.580000,12.283224,3.389136
18.590000,12.195795,3.468335
18.600000,12.104162,3.548591
18.610000,12.008367,3.629853
18.620000,11.908462,3.712068
18.630000,11.804508,3.795177
18.640000,11.696575,3.879120
18.650000,11.584743,3.963830
18.660000,11.469101,4.049238
18.670000,11.349748,4.135272
18.680000,11.226791,4.221855
18.690000,11.100345,4.308906
18.700000,10.970537,4.396345
18.710000,10.837499,4.484084
18.720000,10.701373,4.572035
18.730000,10.562307,4.660108
18.740000,10.420457,4.748209
18.750000,10.275986,4.836245
18.760000,10.129062,4.924119
18.770000,9.979859,5.011735
18.780000,9.828556,5.098993
18.790000,9.675335,5.185795
18.800000,9.520382,5.272044
18.810000,9.363887,5.357642
18.820000,9.206040,5.442489
18.830000,9.047034,5.526491
18.840000,8.887062,5.609552
18.850000,8.726315,5.691579
18.860000,8.564986,5.772481
18.870000,8.403266,5.852169
18.880000,8.241341,5.930557
18.890000,8.079396,6.007562
18.900000,7.917613,6.083105
18.910000,7.756170,6.157109
18.920000,7.595238,6.229503
18.930000,7.434984,6.300218
18.940000,7.275570,6.369189
18.950000,7.117151,6.436358
18.960000,6.959876,6.501669
18.970000,6.803887,6.565071
18.980000,6.649318,6.626518
18.990000,6.496296,6.685969
19.000000,6.344942,6.743387
19.010000,6.195367,6.798740
19.020000,6.047676,6.852001
19.030000,5.901964,6.903147
19.040000,5.758322,6.952159
19.050000,5.616829,6.999025
19.060000,5.477558,7.043733
19.070000,5.340576,7.086280
19.080000,5.205940,7.126663
19.090000,5.073701,7.164886
19.100000,4.943902,7.200955
19.110000,4.816582,7.234880
19.120000,4.691769,7.266674
19.130000,4.569489,7.296354
19.140000,4.449758,7.323939
19.150000,4.332589,7.349451
19.160000,4.217989,7.372916
19.170000,4.105960,7.394361
19.180000,3.996497,7.413816
19.190000,3.889594,7.431311
19.200000,3.785237,7.446882
19.210000,3.683410,7.460561
19.220000,3.584094,7.472387
19.230000,3.487266,7.482397
19.240000,3.392899,7.490630
19.250000,3.300965,7.497126
19.260000,3.211430,7.501925
19.270000,3.124262,7.505070
19.280000,3.039425,7.506602
19.290000,2.956881,7.506564
19.300000,2.876589,7.504998
19.310000,2.798511,7.501948
19.320000,2.722603,7.497455
19.330000,2.648822,7.491563
19.340000,2.577126,7.484315
19.350000,2.507470,7.475752
19.360000,2.439808,7.465919
19.370000,2.374097,7.454855
19.380000,2.310290,7.442602
19.390000,2.248342,7.429202
19.400000,2.188208,7.414694
19.410000,2.129842,7.399119
19.420000,2.073200,7.382515
19.430000,2.018237,7.364921
19.440000,1.964908,7.346375
19.450000,1.913171,7.326913
19.460000,1.862981,7.306571
19.470000,1.814296,7.285386
19.480000,1.767075,7.263391
19.490000,1.721275,7.240621
19.500000,1.676856,7.217108
19.510000,1.633778,7.192885
19.520000,1.592003,7.167983
19.530000,1.551491,7.142432
19.540000,1.512206,7.116263
19.550000,1.474111,7.089504
19.560000,1.437169,7.062184
19.570000,1.401347,7.034328
19.580000,1.366610,7.005965
19.590000,1.332924,6.977119
19.600000,1.300258,6.947816
19.610000,1.268579,6.918080
19.620000,1.237858,6.887933
19.630000,1.208064,6.857400
19.640000,1.179168,6.826500
19.650000,1.151142,6.795257
19.660000,1.123959,6.763690
19.670000,1.097591,6.731819
19.680000,1.072014,6.699663
19.690000,1.047202,6.667240
19.700000,1.023131,6.634570
19.710000,0.999777,6.601668
19.720000,0.977117,6.568551
19.730000,0.955129,6.535236
19.740000,0.933792,6.501738
19.750000,0.913086,6.468071
19.760000,0.892989,6.434251
19.770000,0.873482,6.400290
19.780000,0.854547,6.366203
19.790000,0.836165,6.332003
19.800000,0.818318,6.297700
19.810000,0.800990,6.263309
19.820000,0.784164,6.228839
19.830000,0.767824,6.194302
19.840000,0.751954,6.159708
19.850000,0.736540,6.125069
19.860000,0.721567,6.090392
19.870000,0.707020,6.055689
19.880000,0.692888,6.020967
19.890000,0.679155,5.986236
19.900000,0.665811,5.951504
19.910000,0.652842,5.916779
19.920000,0.640236,5.882069
19.930000,0.627984,5.847380
19.940000,0.616072,5.812721
19.950000,0.604491,5.778097
19.960000,0.593230,5.743515
19.970000,0.582280,5.708982
19.980000,0.571631,5.674504
19.990000,0.561272,5.640085
20.000000,0.551197,5.605732
